,,,,,best_fitness,best_fitness,best_fitness,generations,generations,function_evals,function_evals,time,time,converged,converged
,,,,,mean,std,min,mean,std,mean,std,mean,std,sum,mean
function,dimension,mu,lambda,strategy,,,,,,,,,,,
rastrigin,10,20,140,comma,34.359131,10.689601,18.904187,500.0,0.0,80020.0,0.0,0.632556,0.08435,0,0.0
rastrigin,10,20,140,plus,34.524962,11.347664,11.939499,500.0,0.0,80020.0,0.0,0.587599,0.007333,0,0.0
rastrigin,20,30,200,comma,90.474539,18.622902,53.727658,500.0,0.0,115030.0,0.0,0.865956,0.059558,0,0.0
sphere,10,15,100,comma,1e-06,0.0,0.0,67.066667,3.666562,7727.666667,421.65465,0.044621,0.002887,30,1.0
sphere,10,15,100,plus,1e-06,0.0,0.0,62.633333,3.167544,7217.833333,364.26753,0.043797,0.007681,30,1.0
sphere,20,15,100,comma,1e-06,0.0,1e-06,137.5,4.546693,15827.5,522.869651,0.092456,0.003304,30,1.0
