,,,best_fitness,best_fitness,best_fitness,function_evals,function_evals,time,time,converged,converged
,,,mean,std,min,mean,std,mean,std,sum,mean
function,dimension,strategy,,,,,,,,,
rastrigin,10,L-BFGS-B,72.465733,22.39014,33.828472,213.766667,39.890093,0.002705,0.000524,0,0.0
rastrigin,10,comma,28.289922,11.044425,4.974795,70020.0,0.0,0.660121,0.004706,0,0.0
rastrigin,10,plus,31.506924,13.991278,8.954626,70020.0,0.0,0.662315,0.003286,0,0.0
sphere,10,L-BFGS-B,0.0,0.0,0.0,38.133333,5.581579,0.000608,0.000641,30,1.0
sphere,10,comma,1e-06,0.0,0.0,6731.666667,372.395168,0.051185,0.002923,30,1.0
sphere,10,plus,1e-06,0.0,0.0,6725.0,423.735441,0.051757,0.004408,30,1.0
